GEOID,keep
01003010100,1
01007010001,1
01007010005,1
01007010006,1
01007010007,1
01007010008,1
01007010009,1
01007010010,1
01007010011,1
01009050104,1
01009050200,1
01009050502,1
01009050601,1
01009050603,1
01009050701,1
01009050702,1
01019955701,1
01019956101,1
01021060404,1
01025957901,1
01025957902,1
01025958003,1
01033020500,1
01033020600,1
01033020901,1
01033020902,1
01033021000,1
01043965501,1
01043965502,1
01043965600,1
01043965700,1
01049960102,1
01049960200,1
01057020000,1
01057020100,1
01057020300,1
01057020400,1
01059973100,1
01059973702,1
01059973703,1
01071950101,1
01071950102,1
01071950200,1
01071950301,1
01071950302,1
01071950400,1
01071950601,1
01071950901,1
01071951000,1
01071951101,1
01073011206,1
01073011301,1
01073011303,1
01073011304,1
01073011401,1
01073011402,1
01073011500,1
01073011600,1
01073011704,1
01073011706,1
01073011707,1
01073011708,1
01073011710,1
01073012001,1
01073012103,1
01073012104,1
01073012200,1
01073012302,1
01073012304,1
01073012307,1
01073012403,1
01073012500,1
01073014001,1
01073014002,1
01073014104,1
01073014106,1
01073014107,1
01073014207,1
01075030000,1
01075030101,1
01075030102,1
01077011200,1
01093964001,1
01093964002,1
01093964100,1
01093964300,1
01093964401,1
01093964402,1
01093964500,1
01093964600,1
01093964701,1
01093964702,1
01097005702,1
01097005800,1
01097005900,1
01097006000,1
01117030337,1
01117030350,1
01117030405,1
01117030406,1
01117030407,1
01117030408,1
01117030607,1
01117030610,1
01117030611,1
01117030613,1
01125010101,1
01125010102,1
01125010104,1
01125010105,1
01125010203,1
01125010500,1
01125010601,1
01125010603,1
01125010604,1
01125010703,1
01125010706,1
01125010707,1
01125010802,1
01125010803,1
01125010804,1
01127020100,1
01127020200,1
01127020302,1
01127020400,1
01127020600,1
01127020700,1
01127020801,1
01127020802,1
01127020900,1
01127021000,1
01127021100,1
01127021200,1
01127021300,1
01127021400,1
01127021500,1
01127021600,1
01127021700,1
01127021800,1
01127021900,1
01129044000,1
01129044100,1
01129044200,1
01129044300,1
01133965501,1
01133965502,1
01133965503,1
01133965601,1
01133965602,1
01133965700,1
01133965800,1
01133965900,1
04001970201,1
04001970300,1
04001970502,1
04005001500,1
04005002000,1
04005002101,1
04005002102,1
04005942201,1
04005942202,1
04015950103,1
04015951404,1
04015951601,1
04015951602,1
04015951702,1
04017940014,1
04017940015,1
04017942300,1
04017960100,1
04017960200,1
04017960400,1
04017960500,1
04017960600,1
04017963300,1
04017963400,1
04017963800,1
04017964202,1
05035030602,1
05047950201,1
05071951700,1
05071951800,1
05071951900,1
05071952000,1
05083950100,1
05083950200,1
05127950100,1
05131010102,1
05131010202,1
05131010301,1
05131010303,1
05131010304,1
06027000800,1
06029000102,1
06029000104,1
06029000105,1
06029000106,1
06029000201,1
06029000300,1
06029000400,1
06029000601,1
06029000702,1
06029000800,1
06029000902,1
06029000914,1
06029003900,1
06029004605,1
06029005103,1
06029005104,1
06029005205,1
06029005206,1
06029005207,1
06029005208,1
06029005300,1
06029005410,1
06029005509,1
06029006500,1
06065030104,1
06065040101,1
06065042300,1
06071003606,1
06071003609,1
06071003612,1
06071004001,1
06071004003,1
06071004004,1
06071006601,1
06071007107,1
06071008901,1
06071010300,1
06071011602,1
06071012500,1
06071025000,1
06077002100,1
06077002201,1
06077002202,1
06077002300,1
06077002800,1
06077003700,1
06077003803,1
06107002701,1
06107004301,1
06107004500,1
08001008802,1
08001008901,1
08001009001,1
08001009003,1
08001009004,1
08001009103,1
08001009104,1
08001009307,1
08001009553,1
08001015000,1
08005005551,1
08005005701,1
08009964600,1
08009964700,1
08011966702,1
08013012207,1
08013012208,1
08013012603,1
08013012701,1
08013012705,1
08013012707,1
08013012708,1
08013012709,1
08013012710,1
08013012801,1
08013012802,1
08013012903,1
08013013003,1
08023972700,1
08027970101,1
08027970102,1
08029964600,1
08029964700,1
08029964800,1
08029965001,1
08029965002,1
08029965202,1
08031001402,1
08031001403,1
08031001500,1
08031004602,1
08031004603,1
08031015600,1
08031015700,1
08033000100,1
08041001500,1
08041001600,1
08041001700,1
08041002200,1
08041002300,1
08041002802,1
08041003001,1
08043978100,1
08043978200,1
08043978300,1
08043978400,1
08043978500,1
08043978600,1
08043978800,1
08043979001,1
08043979002,1
08043979100,1
08043979200,1
08043979400,1
08043980100,1
08043980300,1
08045951901,1
08045952003,1
08045952100,1
08051963601,1
08051963800,1
08051963900,1
08053973100,1
08055960902,1
08059009806,1
08059009842,1
08059009852,1
08059009854,1
08059009855,1
08059009857,1
08059009901,1
08059010001,1
08059980800,1
08061960100,1
08067940400,1
08067970701,1
08067970703,1
08067970705,1
08067970900,1
08067971000,1
08067971100,1
08071000100,1
08071000200,1
08071000300,1
08071000400,1
08071000500,1
08071000800,1
08077001102,1
08077001200,1
08077001502,1
08077001600,1
08077001702,1
08077001703,1
08077001705,1
08077001706,1
08077001800,1
08077001900,1
08081000300,1
08081000600,1
08083941100,1
08083969000,1
08083969100,1
08085966100,1
08085966201,1
08085966202,1
08085966501,1
08085966602,1
08091967601,1
08091967602,1
08097000101,1
08097000102,1
08099000100,1
08099000200,1
08099000300,1
08099000600,1
08099000700,1
08101002804,1
08101002806,1
08101003103,1
08101003104,1
08101003105,1
08101003106,1
08101003200,1
08103951100,1
08103951200,1
08107000100,1
08107000200,1
08107000300,1
08107000400,1
08107000500,1
08107000800,1
08109977600,1
08111972600,1
08113968103,1
08113968200,1
08119010203,1
09001070400,1
09001070500,1
09001070600,1
09001070900,1
09001071200,1
09001071300,1
09001071600,1
09001073900,1
09001074000,1
09001074400,1
09001257200,1
09011693600,1
09011693700,1
09011695201,1
09011701200,1
09011870501,1
09011870502,1
10003990100,1
10005050601,1
10005050604,1
10005050703,1
10005051308,1
10005051400,1
10005051501,1
10005051502,1
10005051702,1
11001007301,1
11001010900,1
12005000201,1
12005000203,1
12005000204,1
12005000402,1
12005001403,1
12005001404,1
12005001501,1
12005002500,1
12005002609,1
12005002703,1
12005002706,1
12005002709,1
12005002710,1
12013010100,1
12017450305,1
12017450401,1
12017450402,1
12017450501,1
12017990000,1
12031000101,1
12031010101,1
12031010104,1
12031010105,1
12031010106,1
12031010202,1
12031010203,1
12031010204,1
12031010307,1
12031010402,1
12031014601,1
12031014703,1
12039020400,1
12057013604,1
12057013801,1
12057013802,1
12057013803,1
12057013804,1
12057014106,1
12057014117,1
12057014119,1
12057990000,1
12063210901,1
12063210902,1
12063211000,1
12075970700,1
12077950202,1
12085001803,1
12085001804,1
12085001805,1
12085001806,1
12105010300,1
12105011300,1
12105011400,1
12105011501,1
12105011502,1
12105011605,1
12105011606,1
12105012207,1
12105012209,1
12105012304,1
12131950501,1
12131950610,1
13009970202,1
13009970301,1
13033950102,1
13035150102,1
13045910800,1
13051010601,1
13051010603,1
13051010701,1
13051010702,1
13051010703,1
13051010704,1
13051010811,1
13051980000,1
13055010600,1
13067031213,1
13067031214,1
13067031215,1
13067031314,1
13077170101,1
13077170102,1
13077170200,1
13077170303,1
13077170304,1
13095000101,1
13095000102,1
13095000200,1
13095010302,1
13095010602,1
13095010900,1
13095011000,1
13095011200,1
13095011300,1
13095011600,1
13103030303,1
13103030306,1
13103030307,1
13103030308,1
13103030309,1
13115000300,1
13115000402,1
13115001200,1
13115001301,1
13115001302,1
13115001400,1
13115002000,1
13115002100,1
13121008701,1
13121008801,1
13121008802,1
13121008903,1
13121010402,1
13141480300,1
13159010503,1
13169030101,1
13169030200,1
13177020101,1
13205090100,1
13207050101,1
13207050102,1
13207050200,1
13207050302,1
13237960101,1
13237960301,1
13237960302,1
13321950100,1
13321950201,1
13321950500,1
15003008502,1
15003008610,1
15003980300,1
15003990001,1
17001010200,1
17005951200,1
17005951400,1
17009970400,1
17011965000,1
17011965500,1
17013951200,1
17017960100,1
17017960200,1
17017960300,1
17019010400,1
17019010702,1
17023060100,1
17023060400,1
17025971900,1
17031301600,1
17031301702,1
17031301801,1
17031301803,1
17031310200,1
17031310300,1
17031310400,1
17031310500,1
17031310600,1
17031310700,1
17031310800,1
17031310900,1
17031330200,1
17031520100,1
17031520400,1
17031520500,1
17031550100,1
17031560100,1
17031570100,1
17031570200,1
17031580200,1
17031580300,1
17031600600,1
17031600700,1
17031814200,1
17031825700,1
17031830500,1
17031840200,1
17031840300,1
17031840400,1
17031840800,1
17031841100,1
17031841200,1
17031841300,1
17031841900,1
17031843200,1
17031843500,1
17033880100,1
17033880200,1
17033880300,1
17033880500,1
17033880600,1
17045070500,1
17047956900,1
17047957000,1
17049950100,1
17049950500,1
17051950700,1
17055040100,1
17055040200,1
17055040400,1
17055040500,1
17055040700,1
17055040800,1
17055040900,1
17055041000,1
17055041100,1
17055041200,1
17057952900,1
17057953100,1
17057953200,1
17057953500,1
17057953600,1
17057953700,1
17057953800,1
17057953900,1
17059972700,1
17059972800,1
17061973800,1
17065973200,1
17067953700,1
17067954300,1
17069970900,1
17069971000,1
17077010100,1
17077010200,1
17077010400,1
17077010800,1
17077010900,1
17077011200,1
17077011600,1
17079977300,1
17079977400,1
17079977500,1
17081050100,1
17081050300,1
17081050400,1
17081050500,1
17081051100,1
17085020200,1
17087977600,1
17087977700,1
17087977800,1
17097861701,1
17097861702,1
17097862100,1
17097862200,1
17097862300,1
17097862401,1
17097862402,1
17097866000,1
17097990000,1
17099964100,1
17101880800,1
17109010200,1
17109010300,1
17109011000,1
17109011100,1
17119401200,1
17119401300,1
17119401500,1
17119402100,1
17119402200,1
17119402300,1
17119402400,1
17119402500,1
17119402600,1
17123961100,1
17123961200,1
17123961300,1
17125956400,1
17125956500,1
17125956600,1
17125956700,1
17127970100,1
17127970200,1
17127970300,1
17127970400,1
17129010300,1
17133600102,1
17133600402,1
17133600502,1
17135957400,1
17135957600,1
17135957900,1
17135958000,1
17137951400,1
17137951500,1
17137951600,1
17137951700,1
17137951800,1
17137951900,1
17137952000,1
17137952100,1
17137952200,1
17143000200,1
17143000300,1
17143000600,1
17143000900,1
17143004600,1
17143004801,1
17143004802,1
17143004901,1
17143004902,1
17143005000,1
17143005100,1
17145030100,1
17145030200,1
17145030300,1
17145030400,1
17145030500,1
17145030600,1
17149952400,1
17149952500,1
17149952600,1
17149952700,1
17149952800,1
17151971200,1
17151971300,1
17153971000,1
17155954500,1
17155954600,1
17157950500,1
17157950600,1
17157950700,1
17157950800,1
17157950900,1
17157951000,1
17157951100,1
17159977900,1
17159978300,1
17161020302,1
17161020400,1
17161020600,1
17161020700,1
17161020800,1
17161021400,1
17161024103,1
17163504002,1
17165955100,1
17165955500,1
17165955600,1
17165955700,1
17165955800,1
17165955900,1
17165956000,1
17165956100,1
17165956200,1
17167000600,1
17167002400,1
17167002500,1
17167002700,1
17167003000,1
17167003100,1
17167003201,1
17167003203,1
17167003901,1
17167003902,1
17169970100,1
17169970200,1
17169970300,1
17171970600,1
17171970700,1
17179020100,1
17179020400,1
17179020500,1
17179020800,1
17179020900,1
17179021802,1
17181950100,1
17183000100,1
17183000200,1
17183000300,1
17183000500,1
17183000600,1
17183000700,1
17183000800,1
17183000900,1
17183001300,1
17183010100,1
17183010300,1
17183010400,1
17183010500,1
17183010702,1
17183010800,1
17185957200,1
17185957300,1
17185957400,1
17185957500,1
17189950100,1
17189950200,1
17189950300,1
17189950400,1
17191954900,1
17193958000,1
17193958100,1
17193958200,1
17193958300,1
17193958400,1
17197880202,1
17197880203,1
17197880426,1
17197880428,1
17197880502,1
17197880503,1
17197880508,1
17197880509,1
17197880510,1
17197880511,1
17197880602,1
17197880901,1
17197884101,1
17197884103,1
17199020100,1
17199020201,1
17199020202,1
17199020300,1
17199020600,1
17199020700,1
17199020801,1
17199020802,1
17199020900,1
17199021002,1
17199021200,1
17199021300,1
17199021400,1
18017950900,1
18017951200,1
18017951400,1
18017951500,1
18017951600,1
18017951700,1
18021040300,1
18021040400,1
18021040500,1
18021040600,1
18027954300,1
18027954400,1
18027954501,1
18027954502,1
18027954600,1
18027954700,1
18027954800,1
18027954900,1
18029080301,1
18029080302,1
18029080400,1
18029080500,1
18037953200,1
18037953301,1
18037953302,1
18037953400,1
18037953500,1
18037953701,1
18037953702,1
18037953800,1
18043070500,1
18043070600,1
18043070700,1
18043070801,1
18043071104,1
18043071200,1
18051050100,1
18051050201,1
18051050202,1
18051050300,1
18051050401,1
18051050402,1
18051050501,1
18051050502,1
18055954701,1
18055954702,1
18055954800,1
18055954900,1
18055955000,1
18055955100,1
18055955200,1
18055955300,1
18055955400,1
18061060601,1
18073100800,1
18073100901,1
18073101000,1
18073101200,1
18083955000,1
18083955100,1
18083955201,1
18083955202,1
18083955700,1
18083955800,1
18083955900,1
18089010203,1
18089010302,1
18089010304,1
18089011000,1
18089020100,1
18089020200,1
18089020300,1
18089020400,1
18089021000,1
18089030100,1
18089030300,1
18089030400,1
18089030500,1
18089030700,1
18089030900,1
18089040100,1
18089990000,1
18091042900,1
18101950100,1
18101950200,1
18101950300,1
18103952100,1
18103952200,1
18103952300,1
18103952400,1
18103952500,1
18103952700,1
18107956800,1
18107956900,1
18107957000,1
18107957100,1
18107957200,1
18109510500,1
18109510701,1
18109510703,1
18109510704,1
18109510800,1
18109510900,1
18109511001,1
18119955600,1
18119955701,1
18119955702,1
18119955900,1
18121030100,1
18121030200,1
18121030300,1
18121030401,1
18121030402,1
18123952300,1
18123952400,1
18125953900,1
18125954000,1
18125954100,1
18125954200,1
18127050302,1
18127051102,1
18127980001,1
18127980002,1
18127990000,1
18129040100,1
18129040200,1
18129040400,1
18129040500,1
18129040600,1
18129040700,1
18131959100,1
18131959200,1
18133956100,1
18133956600,1
18147952701,1
18147952702,1
18147952800,1
18147952900,1
18147953000,1
18147953100,1
18149954200,1
18153050101,1
18153050102,1
18153050200,1
18153050301,1
18153050302,1
18153050400,1
18153050501,1
18153050502,1
18163010701,1
18165020400,1
18167000300,1
18167000900,1
18167001000,1
18167010201,1
18167010202,1
18167010300,1
18167010400,1
18167010601,1
18167010602,1
18167010702,1
18167010703,1
18167010704,1
18167011000,1
18167011202,1
18171951100,1
18173030100,1
18173030200,1
18173030300,1
18173030400,1
18173030501,1
18173030502,1
18173030601,1
18173030602,1
18173030704,1
18173030706,1
18173030801,1
19005960100,1
19005960200,1
19005960400,1
19005960500,1
19031450400,1
19031450500,1
19043070400,1
19043070500,1
19061000100,1
19061000300,1
19061000400,1
19061000500,1
19061000600,1
19061000701,1
19061000702,1
19061000801,1
19061001104,1
19061010103,1
19061010104,1
19061010600,1
19113000800,1
19113000902,1
19113001102,1
19113001200,1
19113001300,1
19113001400,1
19113001800,1
19113001900,1
19113002900,1
19113003003,1
19113003004,1
19113003005,1
19113010700,1
19125030101,1
19125030202,1
19125030300,1
19127950100,1
19127950400,1
19127950500,1
19127950600,1
19127950900,1
19127951000,1
19129040201,1
19129040202,1
19133960100,1
19133960200,1
19139050100,1
19139050200,1
19139050700,1
19155021400,1
19155021602,1
19155031300,1
19155031400,1
19155031601,1
19155031602,1
19155031800,1
19155031900,1
19163010103,1
19163010300,1
19163010401,1
19163013300,1
19163013400,1
19163013500,1
19163013702,1
19163013705,1
19163013706,1
19193003100,1
19193003200,1
19193003301,1
19193003302,1
19193003500,1
19193003600,1
19193940200,1
19197680200,1
19197680500,1
20001952600,1
20003953700,1
20011955600,1
20011955700,1
20011955800,1
20011955900,1
20021958100,1
20021958200,1
20021958300,1
20021958400,1
20021958500,1
20021958600,1
20037956600,1
20037956700,1
20037957601,1
20045000100,1
20045000501,1
20045000603,1
20045000604,1
20045001400,1
20045001500,1
20087020101,1
20087020102,1
20087020300,1
20099950600,1
20099950800,1
20107955101,1
20107955102,1
20107955200,1
20121100400,1
20133951600,1
20177000900,1
20177003002,1
20177003100,1
20177003901,1
20177003902,1
21005950102,1
21007950100,1
21013960100,1
21013960200,1
21013960300,1
21013960400,1
21013960500,1
21013960600,1
21013960700,1
21013960800,1
21013961100,1
21015070403,1
21015070405,1
21015070502,1
21019030900,1
21019031001,1
21019031004,1
21019031101,1
21019031102,1
21019031200,1
21021930100,1
21023950200,1
21025920200,1
21025920301,1
21025920302,1
21025920500,1
21025920600,1
21025920700,1
21025920800,1
21027960400,1
21031930100,1
21031930200,1
21031930301,1
21031930302,1
21031930400,1
21031930500,1
21033920100,1
21033920302,1
21037051901,1
21043960300,1
21043960500,1
21043960601,1
21043960602,1
21043960700,1
21047200902,1
21047201000,1
21047201100,1
21049020103,1
21049020105,1
21049020400,1
21049020500,1
21049020600,1
21051950100,1
21051950201,1
21051950202,1
21051950301,1
21051950302,1
21051950400,1
21051950500,1
21051950600,1
21055930100,1
21059000100,1
21059000200,1
21059000401,1
21059000402,1
21059000600,1
21059001300,1
21059001401,1
21059001402,1
21059001501,1
21059001502,1
21059001601,1
21059001602,1
21059001701,1
21059001703,1
21059001800,1
21063920101,1
21063920102,1
21063920200,1
21065920100,1
21065920400,1
21067003701,1
21067003918,1
21067004007,1
21071920100,1
21071920200,1
21071920301,1
21071920302,1
21071920401,1
21071920402,1
21071920500,1
21071920600,1
21071920700,1
21071920801,1
21071920802,1
21071920900,1
21071921001,1
21071921002,1
21073070703,1
21073071001,1
21079970101,1
21079970102,1
21085950600,1
21085950700,1
21089040100,1
21089040202,1
21089040300,1
21089040400,1
21089040502,1
21091960100,1
21091960200,1
21091960300,1
21095970100,1
21095970200,1
21095970300,1
21095970400,1
21095970500,1
21095970600,1
21095970700,1
21095970800,1
21095970900,1
21095971000,1
21095971300,1
21101020602,1
21101020701,1
21101020703,1
21101020704,1
21101020800,1
21101020901,1
21101020902,1
21107970100,1
21107970200,1
21107970301,1
21107970302,1
21107970400,1
21107970500,1
21107970600,1
21107970700,1
21107970800,1
21107970900,1
21107971000,1
21107971100,1
21107971300,1
21109960101,1
21109960102,1
21109960200,1
21109960301,1
21109960302,1
21111000400,1
21111000800,1
21111012103,1
21111012407,1
21111012409,1
21111012412,1
21111012413,1
21111012503,1
21111012702,1
21111012703,1
21113060402,1
21115960100,1
21115960200,1
21115960300,1
21115960401,1
21115960402,1
21115960500,1
21115960600,1
21119960100,1
21119960200,1
21119960300,1
21119960400,1
21119960500,1
21121930100,1
21121930200,1
21121930300,1
21121930401,1
21121930402,1
21121930501,1
21121930502,1
21121930602,1
21121930603,1
21121930604,1
21121930700,1
21125970100,1
21125970201,1
21125970202,1
21125970300,1
21125970400,1
21125970500,1
21125970600,1
21125970700,1
21125970800,1
21125970900,1
21125971001,1
21125971004,1
21125971101,1
21125971104,1
21127930101,1
21127930102,1
21127930200,1
21127930300,1
21127930400,1
21127930500,1
21129950100,1
21129950200,1
21129950300,1
21131920101,1
21131920102,1
21131920200,1
21131920300,1
21133950100,1
21133950201,1
21133950202,1
21133950300,1
21133950401,1
21133950403,1
21133950404,1
21133950500,1
21133950601,1
21133950602,1
21135930300,1
21141960200,1
21145031401,1
21145031501,1
21145031502,1
21147960100,1
21147960200,1
21147960301,1
21147960302,1
21147960401,1
21147960402,1
21149970100,1
21149970200,1
21149970500,1
21151010101,1
21151010104,1
21153970100,1
21153970201,1
21153970202,1
21153970300,1
21153970400,1
21159950100,1
21159950201,1
21159950202,1
21159950300,1
21161960100,1
21165960100,1
21167960100,1
21167960400,1
21167960500,1
21175950100,1
21175950200,1
21175950300,1
21175950400,1
21175950500,1
21177960100,1
21177960201,1
21177960202,1
21177960300,1
21177960400,1
21177960500,1
21177960600,1
21177960700,1
21177960800,1
21177960900,1
21183920100,1
21183920200,1
21183920300,1
21183920400,1
21183920501,1
21183920502,1
21183920600,1
21183920700,1
21189930100,1
21189930200,1
21191930101,1
21193970300,1
21193970400,1
21193970501,1
21193970502,1
21193970601,1
21193970602,1
21193970700,1
21193970800,1
21193970900,1
21193971000,1
21195930100,1
21195930201,1
21195930202,1
21195930301,1
21195930302,1
21195930400,1
21195930500,1
21195930600,1
21195930700,1
21195930800,1
21195930900,1
21195931000,1
21195931101,1
21195931102,1
21195931200,1
21195931300,1
21195931400,1
21195931500,1
21195931600,1
21195931700,1
21195931800,1
21195931900,1
21197970101,1
21199930102,1
21199930404,1
21199930802,1
21199930900,1
21199931000,1
21199931101,1
21199931103,1
21199931104,1
21203950300,1
21203950400,1
21205950400,1
21221970100,1
21225950100,1
21225950201,1
21225950202,1
21225950300,1
21231920702,1
21233960100,1
21233960200,1
21233960300,1
21233960400,1
21235920200,1
21235920301,1
21235920302,1
21235920401,1
21235920402,1
21235920501,1
21235920502,1
21235920601,1
21235920602,1
21235920700,1
21235920800,1
21237930100,1
21237930200,1
21239050103,1
21239050104,1
21239050107,1
21239050200,1
21239050300,1
21239050400,1
22013970300,1
22013970400,1
22015011002,1
22017024002,1
22031950101,1
22031950102,1
22031950200,1
22031950300,1
22031950400,1
22031950600,1
22031950700,1
22069000100,1
22069000200,1
22069000300,1
22081960100,1
22081960300,1
24001001401,1
24001001502,1
24001001503,1
24001001600,1
24001001700,1
24001001800,1
24001001900,1
24001002000,1
24001002100,1
24001002200,1
24003730101,1
24003730102,1
24003730204,1
24003730206,1
24003731308,1
24003731309,1
24003751102,1
24003751103,1
24003990000,1
24005451801,1
24005451802,1
24005451803,1
24009860200,1
24009860600,1
24009860701,1
24017850201,1
24017850202,1
24017850300,1
24017850400,1
24017850802,1
24017851100,1
24017851200,1
24017851301,1
24017851401,1
24017851402,1
24017851403,1
24017990000,1
24021752201,1
24021752302,1
24023000100,1
24023000200,1
24023000300,1
24023000400,1
24023000501,1
24023000502,1
24023000601,1
24023000602,1
24023000700,1
24031700400,1
24031700500,1
24031700604,1
24031700611,1
24033800800,1
24033800900,1
24033801003,1
24037875202,1
24037875300,1
24043001001,1
24043001002,1
24043010802,1
24043010803,1
24043010901,1
24043010902,1
24043011700,1
24510250500,1
25005640300,1
25005640400,1
25005640500,1
25005641000,1
25005642000,1
25005642100,1
25005644101,1
25005644200,1
25005645101,1
25005645102,1
25009203200,1
25009203301,1
25009203302,1
25009204300,1
25009204400,1
25009204500,1
25009217402,1
25009217500,1
25009217602,1
25009990100,1
25013811700,1
25013811800,1
25013811900,1
25013812001,1
25013812002,1
25013812101,1
25015821101,1
25015821300,1
25015821400,1
25015822300,1
25015822401,1
26017285100,1
26017285201,1
26017285202,1
26017285900,1
26017990000,1
26023950100,1
26023950800,1
26025003000,1
26025003100,1
26041970400,1
26041970500,1
26041970700,1
26041970800,1
26041970900,1
26041971000,1
26041971100,1
26041990000,1
26059050200,1
26059050300,1
26059050400,1
26059050500,1
26063950200,1
26063950900,1
26063951200,1
26063990000,1
26065000400,1
26065001703,1
26065002000,1
26065003400,1
26065003500,1
26065006700,1
26065006800,1
26065007000,1
26065980200,1
26075006403,1
26103000200,1
26103000300,1
26103000500,1
26103000600,1
26103000700,1
26103001100,1
26103001300,1
26103002801,1
26103002802,1
26103002901,1
26103990000,1
26109960500,1
26109960600,1
26109960700,1
26109990000,1
26115832600,1
26115833600,1
26115833700,1
26115990000,1
26121000900,1
26121001000,1
26121001500,1
26121001600,1
26121001700,1
26121001800,1
26121001901,1
26121002300,1
26121003200,1
26121003300,1
26121003400,1
26121004200,1
26121990000,1
26131970100,1
26131970200,1
26131970300,1
26131990100,1
26139020600,1
26139020900,1
26139021000,1
26139021100,1
26139021203,1
26139024901,1
26139024902,1
26139025101,1
26147620000,1
26147637100,1
26147637200,1
26147637300,1
26147640100,1
26147640200,1
26147641000,1
26147642000,1
26147643000,1
26147644000,1
26151970100,1
26151970200,1
26151990000,1
26157000300,1
26157990000,1
26163524600,1
26163579100,1
26163579200,1
26163594401,1
26163596100,1
26163596300,1
26163597000,1
26163982301,1
26163982302,1
26163984100,1
26163985600,1
26163987000,1
27009020202,1
27009020205,1
27009020206,1
27009020300,1
27009021103,1
27009021104,1
27021960100,1
27031480101,1
27031480102,1
27031480200,1
27031990000,1
27035950901,1
27035951000,1
27035951100,1
27035951200,1
27035951301,1
27035951303,1
27035951304,1
27037060710,1
27037060711,1
27037060714,1
27037060721,1
27037060725,1
27037060737,1
27037060738,1
27037060747,1
27037060748,1
27053025100,1
27053025301,1
27053025801,1
27055020200,1
27055020900,1
27061480301,1
27061480302,1
27061480701,1
27061480702,1
27061480801,1
27061480804,1
27061480805,1
27061480902,1
27061940000,1
27075370101,1
27109000100,1
27109000200,1
27109000500,1
27109000600,1
27109001301,1
27109001401,1
27109001502,1
27109001503,1
27109001601,1
27109002300,1
27111960800,1
27111960900,1
27111961000,1
27111961100,1
27111961700,1
27145010101,1
27145010103,1
27157490100,1
27157490200,1
28033070101,1
28035000800,1
28035010500,1
28035010601,1
28069030100,1
28069030200,1
28073020203,1
28073020204,1
28073020206,1
28073020303,1
28073020304,1
28073020305,1
28073020402,1
28075010205,1
28075010301,1
28075010304,1
28095950101,1
28095950501,1
28095950502,1
28099010101,1
28099010102,1
28099010600,1
28101050100,1
28103950100,1
28103950200,1
28159950500,1
29011960200,1
29013070100,1
29013070200,1
29013070300,1
29013070400,1
29015460702,1
29019000200,1
29019000700,1
29019000900,1
29019001001,1
29019001402,1
29019001506,1
29019001507,1
29019002100,1
29027070200,1
29027070602,1
29027070701,1
29037061100,1
29043020202,1
29043020207,1
29043020307,1
29047021401,1
29047021403,1
29047021601,1
29047021602,1
29047021701,1
29047021704,1
29047021811,1
29047022301,1
29051020198,1
29073960200,1
29077003801,1
29077004002,1
29077004003,1
29077004004,1
29077004005,1
29077004108,1
29077004109,1
29083950200,1
29083950300,1
29083950400,1
29083950500,1
29083950600,1
29095014902,1
29095014903,1
29095015000,1
29095015100,1
29095017700,1
29097011202,1
29097011301,1
29097011302,1
29097011502,1
29097012201,1
29097012202,1
29099700111,1
29099700115,1
29107090100,1
29139970300,1
29145020601,1
29151490100,1
29151490200,1
29151490300,1
29161890401,1
29161890402,1
29161890500,1
29161890700,1
29161890800,1
29163460100,1
29163460200,1
29163460300,1
29163460400,1
29163460500,1
29173470100,1
29173470200,1
29177080300,1
29183310100,1
29185480100,1
29185480300,1
29189220445,1
29189220446,1
29189220451,1
29189220452,1
29195090200,1
29195090300,1
29195090400,1
29195090500,1
29195090600,1
29217950200,1
29217950500,1
30003000100,1
30003940400,1
30003940500,1
30003940700,1
30017961300,1
30027030100,1
30037000100,1
30065000100,1
30065000200,1
30069000100,1
30075000100,1
30083070100,1
30083070200,1
30083070301,1
30083070302,1
30083070400,1
30087000100,1
30087000200,1
30087000300,1
30087940400,1
30103963500,1
30111000200,1
30111000300,1
30111000401,1
30111000402,1
30111000800,1
30111000901,1
30111000902,1
30111001000,1
30111001402,1
30111001502,1
30111940001,1
31043010400,1
31055000200,1
31055000300,1
31055000400,1
31055006202,1
31055007303,1
31055007304,1
31153010103,1
31173940200,1
32003003314,1
32003003316,1
32003003649,1
32003003657,1
32003005613,1
32003005702,1
32003005704,1
32003005705,1
32003005818,1
32003005902,1
32003005904,1
32003007500,1
32003007600,1
32003007802,1
32017950200,1
32023960411,1
32023980500,1
34001011600,1
34001011804,1
34001012702,1
34001012802,1
34005701502,1
34005701700,1
34005704202,1
34009020203,1
34009020205,1
34009020206,1
34009020301,1
34009020302,1
34009020400,1
34015500500,1
34015500602,1
34015502201,1
34015502202,1
34015502204,1
34015502400,1
34021000100,1
34021000200,1
34021000300,1
34021002500,1
34021002601,1
34021002602,1
34021003003,1
34021003004,1
34033020100,1
34041031200,1
34041031601,1
34041031700,1
35003976401,1
35003976402,1
35006974701,1
35006974702,1
35007950500,1
35007950600,1
35007950700,1
35017964100,1
35031943500,1
35031943602,1
35031944000,1
35031946001,1
35031946002,1
35031946003,1
35045000202,1
35045000401,1
35045000402,1
35045000503,1
35045000504,1
35045000506,1
35045000507,1
35045000611,1
35045000613,1
35045942801,1
35045942802,1
35045942900,1
35045943000,1
35045943100,1
35045943201,1
35045943300,1
35051962402,1
35053940000,1
35053978200,1
36007012900,1
36007013000,1
36007013100,1
36007013201,1
36007013202,1
36007013304,1
36007013900,1
36007014100,1
36007014200,1
36007014301,1
36011040900,1
36011041001,1
36013035500,1
36013035600,1
36013035700,1
36013036000,1
36013990000,1
36029005600,1
36029005801,1
36029005802,1
36029005900,1
36029007304,1
36029007306,1
36029008202,1
36029008300,1
36029008400,1
36029008800,1
36063024101,1
36063024102,1
36063024201,1
36063024202,1
36063990000,1
36067000100,1
36067002000,1
36067011500,1
36067011800,1
36067011900,1
36067012100,1
36067012700,1
36067012800,1
36067012900,1
36067013400,1
36067013701,1
36073040200,1
36073401200,1
36073990000,1
36099951000,1
36109001500,1
36109001600,1
36109002100,1
36109002200,1
36109002300,1
37017950200,1
37017950301,1
37017950401,1
37017950402,1
37019020101,1
37019020108,1
37019020205,1
37021002203,1
37021002204,1
37021002205,1
37021002303,1
37037020104,1
37037020600,1
37037020702,1
37037020703,1
37037020704,1
37037020803,1
37045951501,1
37045951502,1
37045951503,1
37045951601,1
37057061704,1
37057061807,1
37057062001,1
37065020400,1
37065020600,1
37065020700,1
37065021100,1
37065021300,1
37071030103,1
37071030104,1
37071030106,1
37071032405,1
37071032406,1
37071032510,1
37077970101,1
37083930100,1
37083930200,1
37083930400,1
37083930600,1
37083931000,1
37085071002,1
37089930600,1
37089930701,1
37105030702,1
37105030703,1
37105030704,1
37109071102,1
37119005908,1
37119005919,1
37119005920,1
37119005922,1
37119006014,1
37119006103,1
37119006222,1
37127010400,1
37127010603,1
37127010604,1
37127010700,1
37129010900,1
37129011300,1
37129011400,1
37129011503,1
37129011504,1
37131920301,1
37131920401,1
37141920502,1
37141920602,1
37155960802,1
37155961000,1
37155961100,1
37155961200,1
37155961302,1
37155961500,1
37157040101,1
37157040200,1
37157040300,1
37157040400,1
37157041100,1
37159050800,1
37159050901,1
37159050903,1
37159050904,1
37161961102,1
37161961103,1
37181960100,1
37181960200,1
37183053209,1
37183053410,1
37183053411,1
37183053426,1
37183053427,1
37183053428,1
37185950101,1
37185950201,1
37185950202,1
37191000601,1
37191000901,1
37191000902,1
37191001000,1
37191001103,1
37191001500,1
37191002000,1
38015011103,1
38015011105,1
38019951100,1
38025962200,1
38053962500,1
38055940100,1
38055960800,1
38055961001,1
38057961600,1
38057961700,1
38057961800,1
38059020100,1
38059020200,1
38059020301,1
38059020303,1
38059020400,1
38059020500,1
38065961200,1
38067950100,1
38067950200,1
38067950600,1
38089963300,1
39001770302,1
39001770400,1
39001770500,1
39001770600,1
39007000200,1
39007000300,1
39007000400,1
39007000500,1
39007000704,1
39007001201,1
39007990000,1
39009972600,1
39009972700,1
39009973400,1
39009973500,1
39009973600,1
39009973700,1
39013010100,1
39013010300,1
39013010600,1
39013010700,1
39013010802,1
39013010901,1
39013010902,1
39013011000,1
39013011200,1
39013011300,1
39013011400,1
39013012201,1
39013012202,1
39013012300,1
39013012400,1
39015951600,1
39017001001,1
39017001002,1
39017001100,1
39017010301,1
39017010302,1
39017010500,1
39017010600,1
39017011005,1
39017011006,1
39017012100,1
39017012200,1
39017012300,1
39017012400,1
39017012700,1
39017013000,1
39017014300,1
39017014400,1
39017014600,1
39017014700,1
39017015000,1
39017015100,1
39019720100,1
39019720200,1
39019720300,1
39019720400,1
39019720500,1
39019720600,1
39019720700,1
39025041201,1
39025041503,1
39025041504,1
39025041505,1
39025041506,1
39025041600,1
39025041702,1
39025041900,1
39025042001,1
39025042002,1
39029950100,1
39029950200,1
39029950300,1
39029950400,1
39029950900,1
39029951000,1
39029951100,1
39029951200,1
39029951300,1
39029951401,1
39029951402,1
39029951500,1
39029951600,1
39029951700,1
39029951800,1
39029951900,1
39029952000,1
39029952400,1
39031960900,1
39031961000,1
39031961100,1
39031961200,1
39031961300,1
39031961400,1
39031961500,1
39031961600,1
39031961700,1
39031961800,1
39035108201,1
39035108301,1
39035111202,1
39035111401,1
39035111700,1
39035112100,1
39035192800,1
39035198900,1
39035199000,1
39035990000,1
39049009590,1
39049009753,1
39049010300,1
39053953500,1
39053953600,1
39053953700,1
39053953901,1
39053954100,1
39059977100,1
39059977200,1
39059977300,1
39059977600,1
39059977700,1
39059977800,1
39059977900,1
39059978000,1
39061020401,1
39061020403,1
39061020404,1
39061020501,1
39061020603,1
39061021101,1
39061021102,1
39061026002,1
39061026200,1
39061027500,1
39067975600,1
39067975700,1
39067975800,1
39067975900,1
39067976000,1
39073965500,1
39075976301,1
39075976302,1
39075976403,1
39075976600,1
39075976700,1
39075976801,1
39075976802,1
39079957700,1
39079957800,1
39081000200,1
39081001200,1
39081001300,1
39081001400,1
39081011000,1
39081011100,1
39081011401,1
39081011402,1
39081011500,1
39081011700,1
39081011800,1
39081011900,1
39081012000,1
39081012100,1
39081012200,1
39081012300,1
39081012400,1
39085201500,1
39085201600,1
39085201900,1
39085202000,1
39085202100,1
39085206600,1
39085990000,1
39087050400,1
39087050501,1
39087050502,1
39087050600,1
39087050700,1
39087050800,1
39093010200,1
39093010300,1
39093010400,1
39093013101,1
39093013202,1
39093021100,1
39093028100,1
39093097401,1
39093990200,1
39095001201,1
39095004600,1
39095005501,1
39095005502,1
39095005601,1
39095005602,1
39095009800,1
39095009901,1
39095009902,1
39095010001,1
39095010002,1
39099810900,1
39099811001,1
39099811002,1
39099811902,1
39099812001,1
39099812002,1
39099812101,1
39099812102,1
39099812400,1
39099812500,1
39099813501,1
39099813502,1
39099813601,1
39099813602,1
39099814100,1
39103417300,1
39105964300,1
39105964500,1
39105964600,1
39111966600,1
39111966700,1
39111966800,1
39111966900,1
39113050301,1
39113050302,1
39113050402,1
39113050502,1
39113050600,1
39113060100,1
39113060200,1
39113070101,1
39113070201,1
39113140100,1
39113150100,1
39113165000,1
39115968800,1
39115968900,1
39115969000,1
39115969100,1
39119911000,1
39119911100,1
39119911601,1
39119911900,1
39119912600,1
39119912700,1
39119912800,1
39121968300,1
39121968401,1
39121968500,1
39127965902,1
39127966000,1
39127966100,1
39127966200,1
39127966301,1
39127966302,1
39129021101,1
39129021201,1
39129021202,1
39129021403,1
39129021404,1
39129021500,1
39139002500,1
39139002600,1
39139002700,1
39139002800,1
39145002600,1
39145002700,1
39145002800,1
39151700200,1
39151700400,1
39151700701,1
39151700702,1
39151711700,1
39151712102,1
39151712201,1
39151712202,1
39151712300,1
39151712400,1
39151712700,1
39151712800,1
39151712900,1
39151713000,1
39151713201,1
39151714801,1
39151714802,1
39151714901,1
39151714902,1
39155932500,1
39155932600,1
39155932802,1
39155933301,1
39155933302,1
39155933900,1
39157020100,1
39157020200,1
39157020300,1
39157020400,1
39157020500,1
39157020600,1
39157020700,1
39157020900,1
39157021000,1
39157021100,1
39157021200,1
39157021300,1
39157021400,1
39157021501,1
39157021502,1
39157021503,1
39157021600,1
39157021700,1
39157021800,1
39157021900,1
39157022001,1
39157022002,1
39163953200,1
39165030101,1
39165030102,1
39165030501,1
39167020201,1
39167020300,1
39167020400,1
39167020500,1
39167021100,1
39167021201,1
39167021202,1
39167021300,1
39167021500,1
39167021600,1
39167021700,1
39169001700,1
39169002500,1
39169002902,1
39169003000,1
39169003400,1
39169003500,1
40035373100,1
40035373200,1
40035373300,1
40035373400,1
40035373500,1
40061279100,1
40061279300,1
40061279400,1
40065968100,1
40065968300,1
40077087100,1
40077087200,1
40077087300,1
40079040299,1
40079040301,1
40079040302,1
40079040303,1
40079040401,1
40079040402,1
40079040500,1
40079040601,1
40079040602,1
40079040700,1
40097040700,1
40097040801,1
40105172100,1
40105172200,1
40105172300,1
40105172400,1
40115574100,1
40115574700,1
40115574800,1
40131050301,1
40131050304,1
40131050403,1
40131050702,1
40131050801,1
40131050802,1
40141070100,1
40143005404,1
40147001000,1
40147001100,1
40147001200,1
40147001300,1
41021960100,1
41049970101,1
41049970102,1
41049970200,1
42003405000,1
42003415001,1
42003415002,1
42003416000,1
42003417100,1
42003417200,1
42003418000,1
42003419000,1
42003421100,1
42003422000,1
42003451300,1
42003452000,1
42003453003,1
42003453004,1
42003455000,1
42003456001,1
42003456003,1
42003457100,1
42003457200,1
42003458001,1
42003458002,1
42003459101,1
42003459102,1
42003459201,1
42003460001,1
42003460002,1
42003468800,1
42003470300,1
42003470400,1
42003470600,1
42003471000,1
42003475304,1
42003475401,1
42003475402,1
42003480101,1
42003480102,1
42003489001,1
42003489002,1
42003490002,1
42003490003,1
42003490004,1
42003491101,1
42003491200,1
42003494000,1
42003495000,1
42003496101,1
42003496102,1
42003496200,1
42003525200,1
42003525300,1
42003526101,1
42003526102,1
42003526201,1
42003526202,1
42003526301,1
42003564000,1
42003564500,1
42005950100,1
42005950200,1
42005950300,1
42005950400,1
42005950500,1
42005950600,1
42005950700,1
42005950800,1
42005950900,1
42005951000,1
42005951100,1
42005951200,1
42005951300,1
42005951400,1
42005951500,1
42005951600,1
42005951700,1
42007600601,1
42007600602,1
42007602300,1
42007602400,1
42007602500,1
42007602701,1
42007602702,1
42007602800,1
42007602900,1
42007603000,1
42007603202,1
42007603300,1
42007603400,1
42007605002,1
42007605300,1
42007605500,1
42009960100,1
42009960200,1
42009960300,1
42009960400,1
42009960500,1
42009960600,1
42009960900,1
42009961001,1
42009961100,1
42011002002,1
42011002100,1
42011002200,1
42011002900,1
42011010100,1
42011011300,1
42011011601,1
42011011602,1
42011011603,1
42011011702,1
42011011704,1
42011011705,1
42011012003,1
42011012200,1
42013010101,1
42013010102,1
42013010103,1
42013010403,1
42013010404,1
42013010500,1
42013010701,1
42013010702,1
42013010800,1
42013011001,1
42013011300,1
42013011600,1
42013100700,1
42013100800,1
42013100900,1
42013101700,1
42013101800,1
42015951200,1
42015951300,1
42017980000,1
42019902600,1
42019902900,1
42019903100,1
42019910100,1
42019910200,1
42019910301,1
42019910302,1
42019910600,1
42019910700,1
42019910800,1
42019911000,1
42019911200,1
42019911300,1
42019911400,1
42019911501,1
42019911600,1
42021000100,1
42021000300,1
42021000500,1
42021010100,1
42021010200,1
42021010300,1
42021010500,1
42021010700,1
42021010801,1
42021011100,1
42021011400,1
42021011500,1
42021011600,1
42021011700,1
42021011800,1
42021011900,1
42021012000,1
42021012100,1
42021012200,1
42021012300,1
42021012400,1
42021012500,1
42021012600,1
42021012700,1
42021012800,1
42021012900,1
42021013000,1
42021013100,1
42021013200,1
42021013300,1
42021013400,1
42021013500,1
42021013600,1
42021013700,1
42023960100,1
42023960200,1
42025020102,1
42025020106,1
42025020201,1
42025020202,1
42025020301,1
42025020302,1
42025020400,1
42025020501,1
42027010100,1
42027010200,1
42027010300,1
42027010400,1
42027010500,1
42027010600,1
42027011504,1
42027011600,1
42027012100,1
42027012200,1
42027012300,1
42027012400,1
42027012500,1
42029300502,1
42029300600,1
42029300800,1
42029301001,1
42029301002,1
42029301100,1
42029311000,1
42031160101,1
42031160103,1
42031160104,1
42031160201,1
42031160202,1
42031160300,1
42031160400,1
42031160500,1
42031160600,1
42031160701,1
42031160702,1
42031160800,1
42031160900,1
42033330100,1
42033330200,1
42033330300,1
42033330400,1
42033330500,1
42033330600,1
42033330700,1
42033330800,1
42033330900,1
42033331000,1
42033331100,1
42033331200,1
42033331300,1
42033331401,1
42033331402,1
42033331500,1
42033331600,1
42033331700,1
42033331800,1
42033331900,1
42035030100,1
42035030200,1
42035030300,1
42035030500,1
42035030800,1
42037050200,1
42037050300,1
42037051300,1
42037051400,1
42037051500,1
42043024700,1
42043024801,1
42043024900,1
42043025000,1
42043025100,1
42043025200,1
42043025300,1
42045404102,1
42045404103,1
42045404300,1
42045404800,1
42045406500,1
42045406600,1
42045410700,1
42047950100,1
42047950200,1
42047950900,1
42047951000,1
42047951100,1
42047951200,1
42047951300,1
42051260200,1
42051260300,1
42051260402,1
42051260500,1
42051260600,1
42051260900,1
42051261000,1
42051261100,1
42051261300,1
42051261401,1
42051261402,1
42051261500,1
42051261600,1
42051261700,1
42051261900,1
42051262000,1
42051262100,1
42051262200,1
42051262400,1
42051262500,1
42051262600,1
42051262701,1
42051262702,1
42051262800,1
42051262900,1
42051263000,1
42051263100,1
42051263200,1
42051263300,1
42053530100,1
42057960200,1
42059970101,1
42059970102,1
42059970200,1
42059970300,1
42059970400,1
42059970501,1
42059970502,1
42059970600,1
42059970700,1
42059970800,1
42061950200,1
42061950600,1
42061950800,1
42061951200,1
42061951300,1
42063960100,1
42063960200,1
42063960300,1
42063960400,1
42063960500,1
42063960600,1
42063960700,1
42063960800,1
42063960900,1
42063961000,1
42063961102,1
42063961103,1
42063961104,1
42063961200,1
42063961300,1
42063961400,1
42063961500,1
42063961600,1
42063961700,1
42063961800,1
42063961900,1
42063962000,1
42063962100,1
42063962200,1
42065950100,1
42065950200,1
42065950300,1
42065950400,1
42065950500,1
42065950600,1
42065950700,1
42065950800,1
42065950900,1
42065951000,1
42065951100,1
42069101800,1
42069101900,1
42069102100,1
42069102200,1
42069102300,1
42069103000,1
42069103100,1
42069111200,1
42069111300,1
42069111400,1
42069111500,1
42069111700,1
42069111801,1
42069111802,1
42069112400,1
42069112500,1
42069112600,1
42069112700,1
42069112800,1
42069112901,1
42073001000,1
42073010201,1
42073010400,1
42073010500,1
42073010600,1
42073011100,1
42073011200,1
42073011300,1
42073011400,1
42073011500,1
42075002000,1
42075002100,1
42079210100,1
42079210200,1
42079210300,1
42079210400,1
42079210500,1
42079210600,1
42079210700,1
42079210800,1
42079211101,1
42079211102,1
42079211302,1
42079211701,1
42079211702,1
42079211900,1
42079213900,1
42079215400,1
42079215600,1
42079215701,1
42079215702,1
42079215800,1
42079216200,1
42079216400,1
42079216501,1
42079216502,1
42079216601,1
42079216602,1
42079216700,1
42079216800,1
42079216900,1
42079217001,1
42079217002,1
42079217100,1
42079217200,1
42079217300,1
42079217700,1
42079217800,1
42079217900,1
42081010600,1
42081010800,1
42083420700,1
42083420800,1
42083420900,1
42085031200,1
42085031300,1
42085032300,1
42085032401,1
42085032403,1
42085032502,1
42085032503,1
42085032504,1
42085032505,1
42085032601,1
42085032602,1
42085032702,1
42085033100,1
42091206105,1
42091206106,1
42093050100,1
42093050400,1
42095015300,1
42095015400,1
42095018200,1
42095018300,1
42097080100,1
42097080400,1
42097080500,1
42097080800,1
42097080900,1
42097081000,1
42097081100,1
42097081200,1
42097081300,1
42097081400,1
42097081500,1
42097081600,1
42097081700,1
42097081800,1
42097081900,1
42097082300,1
42097082400,1
42105950402,1
42107000100,1
42107000200,1
42107000300,1
42107000400,1
42107000500,1
42107000601,1
42107000602,1
42107000700,1
42107000800,1
42107000901,1
42107000902,1
42107001000,1
42107001100,1
42107001200,1
42107001300,1
42107001400,1
42107001500,1
42107001600,1
42107001700,1
42107001800,1
42107001902,1
42107002000,1
42107002100,1
42107002200,1
42107002300,1
42107002400,1
42107002500,1
42107002600,1
42107002700,1
42107002800,1
42107002900,1
42107003000,1
42107003200,1
42107003400,1
42107003500,1
42107003600,1
42107003700,1
42107003800,1
42107003900,1
42109070100,1
42109070200,1
42109070701,1
42111020101,1
42111020102,1
42111020200,1
42111020300,1
42111020400,1
42111020500,1
42111020601,1
42111020602,1
42111020700,1
42111020801,1
42111020802,1
42111020900,1
42111021000,1
42111021100,1
42111021200,1
42111021300,1
42111021400,1
42111021500,1
42111021600,1
42111021700,1
42111021800,1
42111021902,1
42111021903,1
42111021904,1
42113960101,1
42113960102,1
42113960201,1
42119090400,1
42121200201,1
42121200202,1
42121201100,1
42121201200,1
42121201300,1
42121201400,1
42121201500,1
42125711000,1
42125712700,1
42125713700,1
42125714000,1
42125715700,1
42125721000,1
42125722700,1
42125741100,1
42125745200,1
42125746301,1
42125746302,1
42125755200,1
42125755700,1
42125761000,1
42125762000,1
42125763700,1
42125764000,1
42125771100,1
42125771200,1
42125772700,1
42125773100,1
42125773200,1
42125774700,1
42125781700,1
42125795700,1
42125795900,1
42125796000,1
42129801200,1
42129801600,1
42129801701,1
42129801702,1
42129801703,1
42129801801,1
42129801802,1
42129801901,1
42129801902,1
42129802001,1
42129802003,1
42129802004,1
42129802101,1
42129802400,1
42129803302,1
42129803400,1
42129803501,1
42129803800,1
42129804400,1
42129804501,1
42129804503,1
42129804504,1
42129804600,1
42129804701,1
42129804705,1
42129804706,1
42129804901,1
42129804902,1
42129805000,1
42129805100,1
42129805800,1
42129805901,1
42129805903,1
42129805904,1
42129806000,1
42129806100,1
42129806200,1
42129806500,1
42129806600,1
42129806700,1
42129806900,1
42129807000,1
42129807100,1
42129807201,1
42129807202,1
42129807300,1
42129807401,1
42129807403,1
42129807404,1
42129807500,1
42129807600,1
42129807800,1
42129807901,1
42129807902,1
42129808100,1
42129808200,1
42129808300,1
42129808401,1
42129808402,1
42129808600,1
42133020522,1
42133020523,1
42133020524,1
42133021712,1
44005990000,1
45003021902,1
45003022001,1
45003022004,1
45003022100,1
45003980100,1
45007010403,1
45007010405,1
45007010406,1
45007011203,1
45007011204,1
45007011302,1
45007011401,1
45007011402,1
45011970102,1
45011980100,1
45015020101,1
45015020201,1
45015020202,1
45015020301,1
45015020303,1
45015020304,1
45015020401,1
45015020503,1
45015020504,1
45015020506,1
45021970101,1
45021970203,1
45021970204,1
45021970401,1
45025950701,1
45025950800,1
45029970100,1
45029970200,1
45029970301,1
45029970401,1
45029970402,1
45029970502,1
45029970601,1
45029970702,1
45031010100,1
45031010200,1
45031010300,1
45031010400,1
45031010600,1
45031010902,1
45035010100,1
45045003202,1
45045003301,1
45051060101,1
45051060403,1
45051070200,1
45051070300,1
45051070400,1
45051070500,1
45051070701,1
45051070702,1
45053950100,1
45053950301,1
45053950302,1
46033965100,1
46081966601,1
46093020200,1
46093020302,1
46093020303,1
46093020500,1
46103010202,1
46103010300,1
46103010400,1
46103010906,1
46103010908,1
46103011200,1
46103011300,1
46103011400,1
46103011700,1
46103011800,1
47001020400,1
47001020700,1
47001020800,1
47001020901,1
47001021001,1
47001021002,1
47001021100,1
47001021201,1
47005963100,1
47005963200,1
47005963400,1
47007953000,1
47007953101,1
47007953102,1
47007953200,1
47013950100,1
47013950200,1
47013950300,1
47013950400,1
47013950500,1
47013950601,1
47013950701,1
47013950800,1
47013951100,1
47025970200,1
47025970300,1
47025970400,1
47025970500,1
47025970600,1
47035970101,1
47035970104,1
47035970201,1
47035970603,1
47035970702,1
47035970800,1
47037014400,1
47037016400,1
47037016500,1
47037016600,1
47037016800,1
47037019501,1
47049965000,1
47049965100,1
47049965201,1
47049965202,1
47049965300,1
47051960600,1
47051960700,1
47059091200,1
47059091300,1
47059091400,1
47061955000,1
47061955200,1
47061955300,1
47063101000,1
47073050100,1
47073050200,1
47073050301,1
47073050302,1
47073050400,1
47073050700,1
47073050800,1
47073050900,1
47085130200,1
47085130300,1
47085130400,1
47085130500,1
47115050102,1
47115050203,1
47115050302,1
47121960100,1
47121960200,1
47129110100,1
47129110200,1
47129110300,1
47129110400,1
47129110500,1
47143975000,1
47143975100,1
47143975200,1
47145030500,1
47145030802,1
47145030900,1
47151975000,1
47151975101,1
47151975102,1
47151975200,1
47151975300,1
47151975400,1
47153060102,1
47153060103,1
47153060104,1
47157004300,1
47157005300,1
47157011700,1
47157022210,1
47157022220,1
47157980200,1
47157980300,1
47173040300,1
47175925000,1
47177930900,1
48001950402,1
48001951100,1
48009020200,1
48023950302,1
48041000106,1
48041002010,1
48041002016,1
48063950101,1
48063950102,1
48127950202,1
48127950400,1
48131950200,1
48131950500,1
48145000800,1
48155950100,1
48159950101,1
48159950102,1
48159950300,1
48161000101,1
48161000102,1
48161000200,1
48161000300,1
48161000600,1
48161000900,1
48183000201,1
48183001100,1
48183001400,1
48183001500,1
48183010501,1
48183010502,1
48185180202,1
48185180302,1
48185180303,1
48185180304,1
48197950100,1
48203020103,1
48203020104,1
48203020106,1
48203020301,1
48203020401,1
48203020402,1
48203020501,1
48203020502,1
48203020603,1
48203020604,1
48203020605,1
48203020606,1
48213950902,1
48271950100,1
48283950302,1
48287000100,1
48293970800,1
48311950100,1
48313000200,1
48313000300,1
48323950207,1
48323950500,1
48323950701,1
48323950702,1
48331950100,1
48331950300,1
48331950800,1
48343950100,1
48343950200,1
48349970600,1
48365950100,1
48365950200,1
48365950300,1
48365950500,1
48395960100,1
48395960200,1
48395960300,1
48401950101,1
48401950102,1
48401950501,1
48401950502,1
48401950600,1
48401950700,1
48401950800,1
48401950900,1
48401951000,1
48401951100,1
48449950100,1
48449950200,1
48449950301,1
48449950302,1
48449950400,1
48449950500,1
48449950800,1
48479001710,1
48479001711,1
48479001714,1
48479001726,1
48479001727,1
48479001815,1
48479001816,1
48485013700,1
48485013800,1
48487950300,1
48487950500,1
48487950600,1
48487950700,1
48491020900,1
48491021300,1
49007000100,1
49007000200,1
49007000300,1
49007000500,1
49007000600,1
49009960100,1
49013940300,1
49013940600,1
49015976200,1
49015976300,1
49015976500,1
49017000300,1
49017000400,1
49019000302,1
49021110100,1
49021110602,1
49025130100,1
49025130200,1
49035113105,1
49035113526,1
49035113540,1
49035113541,1
49035113542,1
49035113545,1
49035113905,1
49035113906,1
49035113908,1
49035113909,1
49035114303,1
49037942100,1
49037978100,1
49037978200,1
49039972101,1
49039972102,1
49039972500,1
49041975100,1
49041975200,1
49045130701,1
49047940201,1
49047968201,1
49049010900,1
49053270102,1
49055979100,1
51005080201,1
51005080202,1
51005080301,1
51005080302,1
51015070500,1
51015071201,1
51015071202,1
51017920102,1
51021040100,1
51025930302,1
51027010100,1
51027010200,1
51027010300,1
51027010400,1
51027010500,1
51027010600,1
51027010700,1
51036600100,1
51041100300,1
51041100403,1
51041100404,1
51041100407,1
51041100409,1
51041100505,1
51041100509,1
51041100510,1
51051040100,1
51051040200,1
51051040300,1
51051040400,1
51071930200,1
51071930300,1
51071930400,1
51073100500,1
51087201601,1
51087201602,1
51089010500,1
51099040301,1
51099040302,1
51099040400,1
51105950100,1
51105950200,1
51105950301,1
51105950500,1
51105950600,1
51107610300,1
51107610503,1
51107610507,1
51107611002,1
51107611009,1
51107611010,1
51107611101,1
51107611102,1
51107611202,1
51107611206,1
51107611208,1
51117930103,1
51117930104,1
51117930300,1
51117930600,1
51117930700,1
51117930800,1
51143011100,1
51149850302,1
51167030100,1
51167030201,1
51167030202,1
51167030300,1
51167030402,1
51167030403,1
51167030404,1
51167030500,1
51167030600,1
51169030200,1
51169030300,1
51169030400,1
51179010106,1
51179010503,1
51179010504,1
51185020100,1
51185020301,1
51185020302,1
51185020400,1
51185020500,1
51185020600,1
51185020800,1
51185020900,1
51185021000,1
51185021101,1
51195930700,1
51195930800,1
51195930900,1
51195931000,1
51195931100,1
51195931200,1
51195931300,1
51195931400,1
51195931500,1
51195931600,1
51195931700,1
51199050303,1
51199050306,1
51199050401,1
51199050402,1
51199050500,1
51199990100,1
51510201601,1
51510201602,1
51510201802,1
51510201803,1
51510201805,1
51510980000,1
51550020200,1
51550020300,1
51550020400,1
51550020500,1
51550020600,1
51550020903,1
51550020910,1
51550021301,1
51550021304,1
51550021401,1
51550021402,1
51550021403,1
51550021405,1
51580060100,1
51580060200,1
51650011100,1
51670820100,1
51670820300,1
51670820700,1
51670980100,1
51700030100,1
51710000902,1
51710002400,1
51710980100,1
51720960100,1
51740210200,1
51740210300,1
51740210400,1
51740213001,1
51740213002,1
51740213103,1
51740213104,1
51760060800,1
51760060900,1
51760070901,1
51800075106,1
51820003100,1
51820003200,1
51820003300,1
51820003400,1
51820003500,1
53005011600,1
53033031202,1
53033031204,1
53033031501,1
53033031603,1
53033031604,1
53033031605,1
53033032003,1
53033032010,1
53033032011,1
53039950101,1
53041970400,1
53041970700,1
53041970800,1
53041971000,1
53041971100,1
53041971200,1
53041971300,1
53041971400,1
53041971800,1
53067012531,1
53067012620,1
54001965500,1
54001965600,1
54001965700,1
54001965800,1
54003971101,1
54003971103,1
54005958200,1
54005958300,1
54005958400,1
54005958501,1
54005958502,1
54005958600,1
54005958700,1
54005958800,1
54007967900,1
54007968000,1
54007968100,1
54009031102,1
54009031103,1
54009031104,1
54009031200,1
54009031401,1
54009031402,1
54009031600,1
54009031700,1
54011010500,1
54013962600,1
54013962700,1
54015957900,1
54015958000,1
54015958100,1
54017965000,1
54019020101,1
54019020102,1
54019020201,1
54019020202,1
54019020400,1
54019020500,1
54019020600,1
54019020700,1
54019020800,1
54019020900,1
54019021000,1
54019021100,1
54021967701,1
54021967800,1
54021980000,1
54023969400,1
54023969500,1
54025950102,1
54025950200,1
54025950300,1
54025950401,1
54025950402,1
54025950500,1
54025950600,1
54025950701,1
54025950702,1
54027968401,1
54029020600,1
54029020700,1
54029020900,1
54029021100,1
54029021200,1
54029021300,1
54029021400,1
54029021500,1
54031970102,1
54031970300,1
54033030300,1
54033030501,1
54033030502,1
54033030601,1
54033030603,1
54033030604,1
54033030700,1
54033030801,1
54033030802,1
54033031000,1
54033031100,1
54033031200,1
54033031300,1
54033031400,1
54033031500,1
54033031600,1
54033031700,1
54033031800,1
54033031900,1
54033032000,1
54033032103,1
54033032104,1
54035963400,1
54039001100,1
54039001700,1
54039001800,1
54039010100,1
54039010200,1
54039010300,1
54039010400,1
54039010500,1
54039010602,1
54039011000,1
54039011200,1
54039011301,1
54039011302,1
54039011401,1
54039011402,1
54039011500,1
54039011800,1
54039012100,1
54039012200,1
54039012301,1
54039012302,1
54039013200,1
54039013400,1
54039013500,1
54039013701,1
54041967200,1
54041967300,1
54041967400,1
54041967500,1
54041967600,1
54043955401,1
54043955402,1
54043955500,1
54043955600,1
54043955700,1
54043955800,1
54045956102,1
54045956103,1
54045956104,1
54045956200,1
54045956400,1
54045956500,1
54045956600,1
54045956700,1
54045956800,1
54045956900,1
54047953600,1
54047953800,1
54047953900,1
54047954000,1
54047954200,1
54047954501,1
54047954503,1
54047954504,1
54049020200,1
54049020300,1
54049020400,1
54049020600,1
54049020700,1
54049020900,1
54049021001,1
54049021002,1
54049021201,1
54049021202,1
54049021300,1
54049021400,1
54049021500,1
54049021601,1
54049021602,1
54049021700,1
54049021800,1
54051020200,1
54051020702,1
54051020800,1
54051020900,1
54051021001,1
54051021002,1
54053954801,1
54053954802,1
54053954901,1
54053954902,1
54055000900,1
54055001000,1
54055001100,1
54055001500,1
54055001600,1
54055001700,1
54055001800,1
54055002400,1
54057010400,1
54057010500,1
54057010600,1
54057010700,1
54059957100,1
54059957200,1
54059957300,1
54059957400,1
54059957500,1
54059957600,1
54059957700,1
54061010101,1
54061010103,1
54061010104,1
54061010202,1
54061010203,1
54061010204,1
54061010400,1
54061010601,1
54061010602,1
54061010700,1
54061010901,1
54061011000,1
54061011100,1
54061011200,1
54061011300,1
54061011400,1
54061011500,1
54061011601,1
54061011602,1
54061011700,1
54061011803,1
54061011804,1
54061011805,1
54061011806,1
54061011900,1
54061012000,1
54063950300,1
54067950100,1
54067950201,1
54067950202,1
54067950300,1
54067950400,1
54067950500,1
54067950600,1
54067950700,1
54069000200,1
54069000300,1
54069000400,1
54069000500,1
54069000600,1
54069000700,1
54069001400,1
54069001500,1
54069001600,1
54069001700,1
54069001800,1
54069002000,1
54069002100,1
54069002600,1
54069002700,1
54071970400,1
54073962100,1
54073962200,1
54075960102,1
54075960201,1
54075960300,1
54077963801,1
54077963802,1
54077963900,1
54077964000,1
54077964101,1
54077964102,1
54077964103,1
54077964200,1
54077964300,1
54077964400,1
54077964500,1
54079020700,1
54081000300,1
54081000500,1
54081000600,1
54081000700,1
54081000802,1
54081000804,1
54081000900,1
54081001001,1
54081001002,1
54081001100,1
54081001200,1
54081001300,1
54081001400,1
54081001500,1
54083965900,1
54083966000,1
54083966200,1
54083966300,1
54083966400,1
54083966500,1
54085962300,1
54085962400,1
54085962500,1
54089000500,1
54089000600,1
54089000800,1
54091964600,1
54091964700,1
54091964800,1
54091964900,1
54093965200,1
54093965300,1
54093965400,1
54097966600,1
54097966700,1
54097966800,1
54097966900,1
54097967000,1
54097967100,1
54099020500,1
54099020600,1
54099020700,1
54099020800,1
54099020900,1
54099021000,1
54101970101,1
54101970102,1
54101970200,1
54101970300,1
54103004900,1
54103030400,1
54103030500,1
54103030700,1
54107010101,1
54107010200,1
54107010400,1
54107010601,1
54107010602,1
54109002800,1
54109002901,1
54109002902,1
54109003000,1
54109003100,1
54109003200,1
55009000100,1
55009000200,1
55009000500,1
55009000700,1
55009000800,1
55009000900,1
55009001000,1
55009001802,1
55009020502,1
55009020800,1
55009020900,1
55009021303,1
55011960100,1
55011960300,1
55011960400,1
55015020308,1
55023960200,1
55025001706,1
55025001707,1
55025001802,1
55025001804,1
55025001901,1
55025001902,1
55025002100,1
55025991703,1
55043960300,1
55043960400,1
55043960500,1
55043960600,1
55043960700,1
55043960800,1
55043961100,1
55043961200,1
55059001402,1
55059002500,1
55059002603,1
55059002604,1
55059002605,1
55059002606,1
55059002700,1
55063010700,1
55073001000,1
55073001103,1
55073001104,1
55073001105,1
55073001106,1
55073001203,1
55073001204,1
55073001300,1
55073001600,1
55073001700,1
55075961300,1
55075961400,1
55075961500,1
55079012800,1
55079090300,1
55079090600,1
55079090700,1
55079091200,1
55079091300,1
55079185300,1
55091950100,1
55091950200,1
55097960200,1
55097960701,1
55097960702,1
55097960800,1
55097960900,1
55097961000,1
55097961101,1
55097961102,1
55117000800,1
55117001000,1
55117001100,1
55117010800,1
55117990000,1
55123960500,1
55123960600,1
55123960700,1
55133200901,1
55133201002,1
55139002401,1
55139002800,1
55139002900,1
55139003000,1
55139003100,1
55139003400,1
56001963900,1
56003962600,1
56003962700,1
56003962800,1
56005000101,1
56005000102,1
56005000103,1
56005000200,1
56005000300,1
56005000400,1
56005000500,1
56005000600,1
56005000701,1
56005000702,1
56007967600,1
56007968000,1
56007968100,1
56009956600,1
56011950200,1
56011950300,1
56013000302,1
56013000400,1
56013940100,1
56013940201,1
56017967800,1
56017967900,1
56019955100,1
56025001801,1
56025001802,1
56027957200,1
56029965302,1
56033000100,1
56033000200,1
56033000300,1
56033000400,1
56033000501,1
56033000502,1
56033000600,1
56037970800,1
56037970902,1
56037970903,1
56037970904,1
56037971000,1
56037971100,1
56037971200,1
56037971600,1
56043000200,1
56045951100,1
56045951300,1
26045020102,1
26045020103,1
26045020201,1
26045020202,1
26045020302,1
26045020303,1
26045020305,1
26045020306,1
26045021401,1
34033020300,1
34033020400,1
34033020500,1
34033020600,1
34033020700,1
34033021300,1
34033021400,1
34033021500,1
48029131401,1
48029131402,1
48029131801,1
48029131802,1
48029141700,1
48029141800,1
48029141900,1
48223950200,1
48223950301,1
48223950302,1
48223950401,1
48223950402,1
48223950500,1
48223950600,1
48223950700,1
48223950800,1
48401950200,1
48493000103,1
48493000201,1
48493000405,1
48493000406,1
01049960101,1
01049960301,1
01049960303,1
01049960401,1
01049960402,1
01049960500,1
01049960900,1
01049961100,1
01049961200,1
01049961400,1
01111000200,1
02090001501,1
02090001700,1
02090001902,1
02090980100,1
08077001302,1
08077001303,1
08077001402,1
08077001403,1
08077001404,1
08077001504,1
12019031500,1
12107950100,1
12107950202,1
12107950600,1
12107950700,1
12107951000,1
12109990100,1
13045910900,1
13045911202,1
13149970100,1
13149970200,1
13149970300,1
17019010800,1
17029000100,1
17041952000,1
17041952100,1
17041952400,1
17045070100,1
17045070200,1
17057952800,1
17057953000,1
17095000100,1
17095000200,1
17095001200,1
17095001400,1
17095001600,1
17117956000,1
17117956100,1
17117956200,1
17117956300,1
17135957500,1
17143003800,1
17143003900,1
17143004000,1
17167003300,1
17167003400,1
17167003500,1
17183010600,1
17183010701,1
17183010900,1
17183011000,1
17183011100,1
18129040300,1
18163010404,1
18163010406,1
18163010502,1
18173030703,1
18173030707,1
18173030709,1
21043960200,1
21043960400,1
21089040700,1
21125971003,1
21135930100,1
21135930400,1
21235920100,1
27141030201,1
27141030202,1
27141030302,1
27141030406,1
27141030407,1
27141030408,1
27141030410,1
27171100203,1
27171100205,1
27171100300,1
39105964100,1
40097040300,1
40097040400,1
40097040501,1
40097040502,1
40131050501,1
40145030201,1
40145030300,1
42003010302,1
42003020100,1
42003020300,1
42003030500,1
42003040200,1
42003050100,1
42003050900,1
42003051100,1
42051260100,1
42051262300,1
42067070400,1
42097080700,1
42097082000,1
42097082100,1
42097082200,1
42099030100,1
42109070600,1
42125731000,1
42125751100,1
42129807700,1
47001020201,1
47001021303,1
47001021304,1
47093005908,1
47093006003,1
47093006103,1
48021950102,1
48051970202,1
48287000200,1
54035963200,1
54035963300,1
54049020100,1
54049020500,1
54049020800,1
56009956400,1
56009956500,1
56009956700,1
56025001401,1
56031959100,1
01009050105,1
01009050106,1
01009050107,1
01009050301,1
01009050302,1
01009050400,1
01009050501,1
01055011100,1
01059973300,1
01059973701,1
01073011205,1
01073011210,1
01073011709,1
01073011901,1
01079979900,1
01115040402,1
02020000101,1
02063000300,1
02066000100,1
02170000101,1
02170000102,1
02170000200,1
02170000300,1
02170001300,1
13083040200,1
16007950100,1
17027900602,1
17101880700,1
17101880900,1
17101881000,1
17101881100,1
17163503903,1
17163503906,1
17163504001,1
17163504356,1
17163504357,1
18083955300,1
19115450100,1
19115450200,1
19139050300,1
19139050400,1
19139050500,1
19139051000,1
21029020900,1
21093000100,1
21111012104,1
21111012107,1
24001000100,1
24001000200,1
24001000500,1
24001000600,1
24001000700,1
24001000800,1
24001002300,1
29099700700,1
29099700900,1
29099701002,1
29099701403,1
29099701404,1
29186960101,1
38007963100,1
38041964800,1
38087965000,1
38089963900,1
38089964000,1
39105964400,1
40061279200,1
40101001502,1
42051260700,1
42079217400,1
49033950100,1
49043964101,1
49043964104,1
49043964203,1
54027968302,1
54027968402,1
54057010100,1
54057010300,1
55079160202,1
55079160301,1
55079160302,1
55079990000,1
55101001501,1
55101001601,1
56013000301,1
56023978002,1
56023978200,1
56023978400,1
56035000101,1
56035000104,1
56037970500,1
56037970601,1
56037970700,1
56041975202,1
56041975301,1
56041975302,1
56041975401,1
56041975402,1
